-- Run this in MySQL to update to 3 branches only
USE college_erp;

-- Clear existing departments and reset
DELETE FROM teacher_subjects;
DELETE FROM timetable;
DELETE FROM subjects;
DELETE FROM teachers;
DELETE FROM students;
DELETE FROM departments;

-- Insert only 3 branches
INSERT INTO departments (id, name, code) VALUES
  (1, 'Computer Engineering',          'COMP'),
  (2, 'Artificial Intelligence & ML',  'AIML'),
  (3, 'Data Engineering',              'DATA');

-- Insert subjects for each branch
-- COMP subjects
INSERT INTO subjects (code, name, department_id, semester, year, credits, subject_type) VALUES
  ('CSC301','Engineering Mathematics III',      1, 3, 2, 4, 'Theory'),
  ('CSC302','Data Structures',                  1, 3, 2, 4, 'Theory'),
  ('CSC303','Digital Logic Design',             1, 3, 2, 4, 'Theory'),
  ('CSC304','Computer Organization',            1, 3, 2, 4, 'Theory'),
  ('CSC305','Discrete Mathematics',             1, 3, 2, 4, 'Theory'),
  ('CSL301','Data Structures Lab',              1, 3, 2, 2, 'Practical'),
  ('CSC401','Analysis of Algorithms',           1, 4, 2, 4, 'Theory'),
  ('CSC402','Database Management Systems',      1, 4, 2, 4, 'Theory'),
  ('CSC403','Operating Systems',                1, 4, 2, 4, 'Theory'),
  ('CSC404','Computer Networks',                1, 4, 2, 4, 'Theory'),
  ('CSL401','DBMS Lab',                         1, 4, 2, 2, 'Practical'),
  ('CSC501','Theoretical Computer Science',     1, 5, 3, 3, 'Theory'),
  ('CSC502','Software Engineering',             1, 5, 3, 3, 'Theory'),
  ('CSC503','Computer Network',                 1, 5, 3, 3, 'Theory'),
  ('CSC504','Data Warehousing & Mining',        1, 5, 3, 3, 'Theory'),
  ('CSDLO5011','Probabilistic Graphical Models',1, 5, 3, 3, 'Elective'),
  ('CSDLO5012','Internet Programming',          1, 5, 3, 3, 'Elective'),
  ('CSDLO5013','Advance Database Management System',1, 5, 3, 3, 'Elective'),
  ('CSL501','Software Engineering Lab',         1, 5, 3, 1, 'Practical'),
  ('CSL502','Computer Network Lab',             1, 5, 3, 1, 'Practical'),
  ('CSL503','Data Warehousing & Mining Lab',    1, 5, 3, 1, 'Practical'),
  ('CSL504','Business Communication & Ethics II',1, 5, 3, 2, 'Practical'),
  ('CSM501','Mini Project: 2A',                 1, 5, 3, 2, 'Practical'),
  ('CSC601','System Programming & Compiler Construction',1, 6, 3, 3, 'Theory'),
  ('CSC602','Cryptography & System Security',   1, 6, 3, 3, 'Theory'),
  ('CSC603','Mobile Computing',                 1, 6, 3, 3, 'Theory'),
  ('CSC604','Artificial Intelligence',          1, 6, 3, 3, 'Theory'),
  ('CSDLO6011','Internet of Things',            1, 6, 3, 3, 'Elective'),
  ('CSDLO6012','Digital Signal & Image Processing',1, 6, 3, 3, 'Elective'),
  ('CSDLO6013','Quantitative Analysis',         1, 6, 3, 3, 'Elective'),
  ('CSL601','System Programming & Compiler Construction Lab',1, 6, 3, 1, 'Practical'),
  ('CSL602','Cryptography & System Security Lab',1, 6, 3, 1, 'Practical'),
  ('CSL603','Mobile Computing Lab',             1, 6, 3, 1, 'Practical'),
  ('CSL604','Artificial Intelligence Lab',      1, 6, 3, 1, 'Practical'),
  ('CSL605','Skill base Lab Course: Cloud Computing',1, 6, 3, 2, 'Practical'),
  ('CSM601','Mini Project Lab: 2B',             1, 6, 3, 2, 'Practical'),
  ('CSC701','Machine Learning',                 1, 7, 4, 3, 'Theory'),
  ('CSC702','Big Data Analytics',               1, 7, 4, 3, 'Theory'),
  ('CSDC701','Department Level Optional Course-3',1, 7, 4, 3, 'Elective'),
  ('CSDC702','Department Level Optional Course-4',1, 7, 4, 3, 'Elective'),
  ('CILO701','Institute Level Optional Course-1',1, 7, 4, 3, 'Elective'),
  ('CSL701','Machine Learning Lab',             1, 7, 4, 1, 'Practical'),
  ('CSL702','Big Data Analytics Lab',           1, 7, 4, 1, 'Practical'),
  ('CSDL701','Department Level Optional Course-3 Lab',1, 7, 4, 1, 'Practical'),
  ('CSDL702','Department Level Optional Course-4 Lab',1, 7, 4, 1, 'Practical'),
  ('CSP701','Major Project 1',                  1, 7, 4, 3, 'Practical'),
  ('CSC801','Distributed Computing',            1, 8, 4, 3, 'Theory'),
  ('CSDC801','Department Level Optional Course-5',1, 8, 4, 3, 'Elective'),
  ('CSDC802','Department Level Optional Course-6',1, 8, 4, 3, 'Elective'),
  ('CILO801','Institute Level Optional Course-2',1, 8, 4, 3, 'Elective'),
  ('CSL801','Distributed Computing Lab',        1, 8, 4, 1, 'Practical'),
  ('CSDL801','Department Level Optional Course-5 Lab',1, 8, 4, 1, 'Practical'),
  ('CSDL802','Department Level Optional Course-6 Lab',1, 8, 4, 1, 'Practical'),
  ('CSP801','Major Project 2',                  1, 8, 4, 6, 'Practical'),

-- AIML subjects
  ('AIC301','Engineering Mathematics III',      2, 3, 2, 4, 'Theory'),
  ('AIC302','Python Programming',               2, 3, 2, 4, 'Theory'),
  ('AIC303','Statistics for AI',                2, 3, 2, 4, 'Theory'),
  ('AIC304','Data Structures',                  2, 3, 2, 4, 'Theory'),
  ('AIL301','Python Lab',                       2, 3, 2, 2, 'Practical'),
  ('AIC401','Machine Learning',                 2, 4, 2, 4, 'Theory'),
  ('AIC402','Linear Algebra for ML',            2, 4, 2, 4, 'Theory'),
  ('AIC403','Database Systems',                 2, 4, 2, 4, 'Theory'),
  ('AIC404','Computer Vision',                  2, 4, 2, 4, 'Theory'),
  ('AIL401','ML Lab',                           2, 4, 2, 2, 'Practical'),
  ('AIC501','Computer Network',                 2, 5, 3, 3, 'Theory'),
  ('AIC502','Web Computing',                    2, 5, 3, 3, 'Theory'),
  ('AIC503','Artificial Intelligence',          2, 5, 3, 3, 'Theory'),
  ('AIC504','Data Warehousing & Mining',        2, 5, 3, 3, 'Theory'),
  ('AIDLO5011','Statistics for Artificial Intelligence & Data Science',2, 5, 3, 3, 'Elective'),
  ('AIDLO5012','Advanced Algorithms',           2, 5, 3, 3, 'Elective'),
  ('AIDLO5013','Internet of Things',            2, 5, 3, 3, 'Elective'),
  ('AIL501','Web Computing and Network Lab',    2, 5, 3, 1, 'Practical'),
  ('AIL502','Artificial Intelligence Lab',      2, 5, 3, 1, 'Practical'),
  ('AIL503','Data Warehousing & Mining Lab',    2, 5, 3, 1, 'Practical'),
  ('AIL504','Business Communication and Ethics-II',2, 5, 3, 2, 'Practical'),
  ('AIP501','Mini Project: 2A',                 2, 5, 3, 2, 'Practical'),
  ('AIC601','Data Analytics and Visualization', 2, 6, 3, 3, 'Theory'),
  ('AIC602','Cryptography and System Security', 2, 6, 3, 3, 'Theory'),
  ('AIC603','Software Engineering and Project Management',2, 6, 3, 3, 'Theory'),
  ('AIC604','Machine Learning',                 2, 6, 3, 3, 'Theory'),
  ('AIDLO6011','High Performance Computing',    2, 6, 3, 3, 'Elective'),
  ('AIDLO6012','Distributed Computing',         2, 6, 3, 3, 'Elective'),
  ('AIDLO6013','Image & Video processing',      2, 6, 3, 3, 'Elective'),
  ('AIL601','Data Analytics and Visualization Lab',2, 6, 3, 1, 'Practical'),
  ('AIL602','Cryptography & System Security Lab',2, 6, 3, 1, 'Practical'),
  ('AIL603','Software Engineering and Project Management Lab',2, 6, 3, 1, 'Practical'),
  ('AIL604','Machine Learning Lab',             2, 6, 3, 1, 'Practical'),
  ('AIL605','Skill base Lab Course: Cloud Computing',2, 6, 3, 2, 'Practical'),
  ('AIP601','Mini Project Lab: 2B',             2, 6, 3, 2, 'Practical'),
  ('AIC701','Deep Learning',                    2, 7, 4, 3, 'Theory'),
  ('AIC702','Big Data Analytics',               2, 7, 4, 3, 'Theory'),
  ('AIC703','Department Level Optional Course-3',2, 7, 4, 3, 'Elective'),
  ('AIC704','Department Level Optional Course-4',2, 7, 4, 3, 'Elective'),
  ('AIC705','Institute Level Optional Course-1',2, 7, 4, 3, 'Elective'),
  ('AIL701','Deep Learning Lab',                2, 7, 4, 1, 'Practical'),
  ('AIL702','Big Data Analytics Lab',           2, 7, 4, 1, 'Practical'),
  ('AIL703','Department Level Optional Course-3 Lab',2, 7, 4, 1, 'Practical'),
  ('AIL704','Department Level Optional Course-4 Lab',2, 7, 4, 1, 'Practical'),
  ('AIP701','Major Project 1',                  2, 7, 4, 3, 'Practical'),
  ('AIC801','Advanced Artificial Intelligence', 2, 8, 4, 3, 'Theory'),
  ('AIC802','Department Level Optional Course-5',2, 8, 4, 3, 'Elective'),
  ('AIC803','Department Level Optional Course-6',2, 8, 4, 3, 'Elective'),
  ('AIC804','Institute Level Optional Course-2',2, 8, 4, 3, 'Elective'),
  ('AIL801','Advanced Artificial Intelligence Lab',2, 8, 4, 1, 'Practical'),
  ('AIL802','Department Level Optional Course-5 Lab',2, 8, 4, 1, 'Practical'),
  ('AIL803','Department Level Optional Course-6 Lab',2, 8, 4, 1, 'Practical'),
  ('AIP801','Major Project 2',                  2, 8, 4, 6, 'Practical'),

-- DATA subjects
  ('DTC301','Engineering Mathematics III',      3, 3, 2, 4, 'Theory'),
  ('DTC302','Introduction to Data Science',     3, 3, 2, 4, 'Theory'),
  ('DTC303','Programming in Python',            3, 3, 2, 4, 'Theory'),
  ('DTC304','Probability & Statistics',         3, 3, 2, 4, 'Theory'),
  ('DTL301','Data Science Lab',                 3, 3, 2, 2, 'Practical'),
  ('DTC401','Data Structures & Algorithms',     3, 4, 2, 4, 'Theory'),
  ('DTC402','Database Technologies',            3, 4, 2, 4, 'Theory'),
  ('DTC403','Data Warehousing',                 3, 4, 2, 4, 'Theory'),
  ('DTC404','R Programming',                    3, 4, 2, 4, 'Theory'),
  ('DTL401','Database Lab',                     3, 4, 2, 2, 'Practical'),
  ('DTC501','Computer Network',                 3, 5, 3, 3, 'Theory'),
  ('DTC502','Web Computing',                    3, 5, 3, 3, 'Theory'),
  ('DTC503','Artificial Intelligence',          3, 5, 3, 3, 'Theory'),
  ('DTC504','Data Warehousing & Mining',        3, 5, 3, 3, 'Theory'),
  ('DTDLO5011','Statistics for Artificial Intelligence & Data Science',3, 5, 3, 3, 'Elective'),
  ('DTDLO5012','Advanced Algorithms',           3, 5, 3, 3, 'Elective'),
  ('DTDLO5013','Internet of Things',            3, 5, 3, 3, 'Elective'),
  ('DTL501','Web Computing and Network Lab',    3, 5, 3, 1, 'Practical'),
  ('DTL502','Artificial Intelligence Lab',      3, 5, 3, 1, 'Practical'),
  ('DTL503','Data Warehousing & Mining Lab',    3, 5, 3, 1, 'Practical'),
  ('DTL504','Business Communication and Ethics-II',3, 5, 3, 2, 'Practical'),
  ('DTP501','Mini Project: 2A',                 3, 5, 3, 2, 'Practical'),
  ('DTC601','Data Analytics and Visualization', 3, 6, 3, 3, 'Theory'),
  ('DTC602','Cryptography and System Security', 3, 6, 3, 3, 'Theory'),
  ('DTC603','Software Engineering and Project Management',3, 6, 3, 3, 'Theory'),
  ('DTC604','Machine Learning',                 3, 6, 3, 3, 'Theory'),
  ('DTDLO6011','High Performance Computing',    3, 6, 3, 3, 'Elective'),
  ('DTDLO6012','Distributed Computing',         3, 6, 3, 3, 'Elective'),
  ('DTDLO6013','Image & Video processing',      3, 6, 3, 3, 'Elective'),
  ('DTL601','Data Analytics and Visualization Lab',3, 6, 3, 1, 'Practical'),
  ('DTL602','Cryptography & System Security Lab',3, 6, 3, 1, 'Practical'),
  ('DTL603','Software Engineering and Project Management Lab',3, 6, 3, 1, 'Practical'),
  ('DTL604','Machine Learning Lab',             3, 6, 3, 1, 'Practical'),
  ('DTL605','Skill base Lab Course: Cloud Computing',3, 6, 3, 2, 'Practical'),
  ('DTP601','Mini Project Lab: 2B',             3, 6, 3, 2, 'Practical'),
  ('DTC701','Deep Learning',                    3, 7, 4, 3, 'Theory'),
  ('DTC702','Big Data Analytics',               3, 7, 4, 3, 'Theory'),
  ('DTC703','Department Level Optional Course-3',3, 7, 4, 3, 'Elective'),
  ('DTC704','Department Level Optional Course-4',3, 7, 4, 3, 'Elective'),
  ('DTC705','Institute Level Optional Course-1',3, 7, 4, 3, 'Elective'),
  ('DTL701','Deep Learning Lab',                3, 7, 4, 1, 'Practical'),
  ('DTL702','Big Data Analytics Lab',           3, 7, 4, 1, 'Practical'),
  ('DTL703','Department Level Optional Course-3 Lab',3, 7, 4, 1, 'Practical'),
  ('DTL704','Department Level Optional Course-4 Lab',3, 7, 4, 1, 'Practical'),
  ('DTP701','Major Project 1',                  3, 7, 4, 3, 'Practical'),
  ('DTC801','Advanced Artificial Intelligence', 3, 8, 4, 3, 'Theory'),
  ('DTC802','Department Level Optional Course-5',3, 8, 4, 3, 'Elective'),
  ('DTC803','Department Level Optional Course-6',3, 8, 4, 3, 'Elective'),
  ('DTC804','Institute Level Optional Course-2',3, 8, 4, 3, 'Elective'),
  ('DTL801','Advanced Artificial Intelligence Lab',3, 8, 4, 1, 'Practical'),
  ('DTL802','Department Level Optional Course-5 Lab',3, 8, 4, 1, 'Practical'),
  ('DTL803','Department Level Optional Course-6 Lab',3, 8, 4, 1, 'Practical'),
  ('DTP801','Major Project 2',                  3, 8, 4, 6, 'Practical');

-- Re-insert demo teacher and student under correct dept
INSERT INTO users (id, email, password_hash, role, full_name, phone, is_active) VALUES
  (2, 'sharma@college.edu',
   'scrypt:32768:8:1$placeholder$placeholder',
   'teacher', 'Dr. Nikhil Sharma', '9999000002', 1),
  (3, 'rohan@college.edu',
   'scrypt:32768:8:1$placeholder$placeholder',
   'student', 'Rohan Patil', '9999000003', 1)
ON DUPLICATE KEY UPDATE email=VALUES(email);

INSERT INTO teachers (user_id, employee_id, department_id, designation, qualification, specialization)
VALUES (2, 'EMP001', 1, 'Associate Professor', 'M.Tech, PhD', 'Computer Engineering')
ON DUPLICATE KEY UPDATE department_id=1;

INSERT INTO students (user_id, roll_number, department_id, year, semester, section, admission_year)
VALUES (3, 'SE-COMP-23-047', 1, 2, 3, 'A', 2023)
ON DUPLICATE KEY UPDATE department_id=1;
